"country","year","region","tb_rate_prison","cases_prison","prison_pop","c_newinc","c_newinc_100k","e_pop_num","inc_pop","inc_rate","occupancy","occupancy_year","inc_pop_spline","inc_rate_spline","cases_prison_spline"
"Argentina",2000,"South America",NA,NA,NA,11767,32,36870796,NA,NA,1.221,2018,46355.3007639327,0.00125723623552724,0
"Argentina",2001,"South America",NA,NA,NA,11456,31,37275644,NA,NA,1.221,2018,51993.6504219589,0.00139484244516229,0
"Argentina",2002,"South America",NA,NA,NA,11548,31,37681743,57632,151,1.221,2018,57632,0.00152944092846236,0
"Argentina",2003,"South America",NA,NA,NA,10844,28,38087866,NA,NA,1.221,2018,62828.4068338818,0.00164956489906475,0
"Argentina",2004,"South America",NA,NA,NA,11413,30,38491970,65351,168,1.221,2018,65351,0.00169778268038762,0
"Argentina",2005,"South America",NA,NA,NA,10576,27,38892924,NA,NA,1.221,2018,63638.1149621697,0.00163623889430812,0
"Argentina",2006,"South America",NA,NA,NA,9675,25,39289876,60621,152,1.221,2018,60621,0.00154291655183641,0
"Argentina",2007,"South America",NA,NA,NA,10227,26,39684303,NA,NA,1.221,2018,59569.00815712,0.00150107230451093,0
"Argentina",2008,"South America",NA,NA,NA,9196,23,40080159,60611,149,1.221,2018,60611,0.00151224449982846,0
"Argentina",2009,"South America",NA,NA,NA,7701,19,40482786,NA,NA,1.221,2018,62933.602858485,0.00155457687271042,8.10003543324723
"Argentina",2010,"South America",NA,NA,NA,7336,18,40895751,65095,157,1.221,2018,65095,0.00159173015309097,46.7000306144905
"Argentina",2011,"South America",NA,NA,NA,9733,24,41320497,NA,NA,1.221,2018,65989.4552563388,0.00159701504210704,85.3000257957337
"Argentina",2012,"South America",NA,NA,NA,8758,21,41755188,66484,157,1.221,2018,66484,0.00159223328128711,123.900020976977
"Argentina",2013,"South America",NA,NA,NA,8933,21,42196034,NA,NA,1.221,2018,67812.8793371724,0.00160709130476984,162.50001615822
"Argentina",2014,"South America",308.447965851448,211,68407,9195,22,42637508,NA,NA,1.221,2018,70706.4272541432,0.00165831519173548,211
"Argentina",2015,"South America",281.260494794582,201,71464,9601,22,43075416,75769,174,1.221,2018,75769,0.00175898475362374,201
"Argentina",2016,"South America",427.479314459553,326,76261,10347,24,43508459,NA,NA,1.221,2018,83272.7483490765,0.001913943868917,326
"Argentina",2017,"South America",349.424856067446,298,85283,10170,23,43937143,92161,207,1.221,2018,92161,0.0020975646960022,298
"Argentina",2018,"South America",NA,NA,NA,10320,23,44361150,NA,NA,1.221,2018,101278.543943185,0.00228304595221687,355.49999134792
"Belize",2000,"Central America",NA,NA,NA,106,43,247310,765,320,0.873,2014,765,0.00309328373296672,13.7253131390058
"Belize",2001,"Central America",NA,NA,NA,136,53,255068,NA,NA,0.873,2014,858.783488857956,0.00336688055286416,12.6346514625137
"Belize",2002,"Central America",NA,NA,NA,135,51,262387,951,377,0.873,2014,951,0.00362441736823852,11.5439897860217
"Belize",2003,"Central America",NA,NA,NA,99,37,269428,NA,NA,0.873,2014,1043.12906548796,0.00387164313095877,10.4533281095296
"Belize",2004,"Central America",NA,NA,NA,83,30,276516,1149,434,0.873,2014,1149,0.00415527492080024,9.36266643303756
"Belize",2005,"Central America",NA,NA,NA,102,36,283798,NA,NA,0.873,2014,1272.20024919065,0.00448276678902123,8.2720047565455
"Belize",2006,"Central America",NA,NA,NA,85,29,291338,1363,489,0.873,2014,1363,0.00467841476223493,7.18134308005344
"Belize",2007,"Central America",NA,NA,NA,63,21,299031,NA,NA,0.873,2014,1379.56993774909,0.00461346796067661,6.09068140356138
"Belize",2008,"Central America",366.300366300366,5,1365,88,29,306822,1365,464,0.873,2014,1365,0.00444883352562724,5
"Belize",2009,"Central America",NA,NA,NA,88,28,314655,NA,NA,0.873,2014,1373.64499981251,0.0043655591038201,3.90949506246598
"Belize",2010,"Central America",211.267605633803,3,1420,145,45,322465,1420,460,0.873,2014,1420,0.00440357868295784,3
"Belize",2011,"Central America",NA,NA,NA,74,22,330236,NA,NA,0.873,2014,1498.35006300174,0.00453720994380305,1.81778582564719
"Belize",2012,"Central America",64.0204865556978,1,1562,84,25,338001,1562,476,0.873,2014,1562,0.00462128810269792,1
"Belize",2013,"Central America",NA,NA,NA,121,35,345707,NA,NA,0.873,2014,1567.70474818037,0.00453477872354442,1.81799455158151
"Belize",2014,"Central America",196.463654223969,3,1527,72,20,353366,1527,446,0.873,2014,1527,0.00432129859692217,3
"Belize",2015,"Central America",NA,NA,NA,78,22,360926,NA,NA,0.873,2014,1462.08931858348,0.00405093930219348,3.90953789825491
"Belize",2016,"Central America",NA,NA,NA,120,33,368399,NA,NA,0.873,2014,1383.06699445763,0.0037542637044553,5.00041658417414
"Belize",2017,"Central America",NA,NA,NA,117,31,375775,1297,356,0.873,2014,1297,0.00345153349743863,6.09129527009337
"Belize",2018,"Central America",NA,NA,NA,99,26,383071,NA,NA,0.873,2014,1209.76632783571,0.00315807338022379,7.1821739560126
"Bolivia",2000,"South America",NA,NA,NA,10127,120,8418270,8151,95,3.639,2018,8151,0.000968251196504745,0
"Bolivia",2001,"South America",NA,NA,NA,10531,123,8580244,NA,NA,3.639,2018,7070.98109984292,0.000824100235359614,0
"Bolivia",2002,"South America",NA,NA,NA,10201,117,8742822,6065,68,3.639,2018,6065,0.000693711938776747,0
"Bolivia",2003,"South America",NA,NA,NA,9836,110,8905820,NA,NA,3.639,2018,6476.87348687385,0.000727263013049203,5.20451569532693
"Bolivia",2004,"South America",NA,NA,NA,9801,108,9069044,6495,70,3.639,2018,6495,0.000716172509472884,17.3636125562616
"Bolivia",2005,"South America",NA,NA,NA,9748,106,9232301,NA,NA,3.639,2018,6559.20383307781,0.000710462519915437,29.5227094171964
"Bolivia",2006,"South America",NA,NA,NA,9014,96,9395449,7031,73,3.639,2018,7031,0.000748341031918751,41.6818062781311
"Bolivia",2007,"South America",NA,NA,NA,8574,90,9558438,NA,NA,3.639,2018,7357.28074843969,0.00076971579963585,53.8409031390658
"Bolivia",2008,"South America",887.932194268801,66,7433,9070,93,9721457,7433,75,3.639,2018,7433,0.000764597323220172,66
"Bolivia",2009,"South America",1040.54054054054,77,7400,8865,90,9884790,NA,NA,3.639,2018,9005.84475885404,0.000911081040553623,77
"Bolivia",2010,"South America",882.415479481182,83,9406,8363,83,10048597,9406,92,3.639,2018,9406,0.000936051072602474,83
"Bolivia",2011,"South America",962,NA,NA,8521,83,10212951,NA,NA,3.639,2018,11371.6022942517,0.00111344921700414,87.734528357687
"Bolivia",2012,"South America",707.679372197309,101,14272,8257,80,10377677,14272,135,3.639,2018,14272,0.00137525960771375,101
"Bolivia",2013,"South America",839.539607312119,124,14770,8327,79,10542375,NA,NA,3.639,2018,13627.004356486,0.00129259340105868,124
"Bolivia",2014,"South America",886.075949367089,126,14220,8079,75,10706517,14220,130,3.639,2018,14220,0.00132816302444577,126
"Bolivia",2015,"South America",892.334698654184,122,13672,7831,72,10869732,NA,NA,3.639,2018,15446.8612435051,0.00142108942920626,122
"Bolivia",2016,"South America",1247.03828407532,200,16038,7681,70,11031822,16038,142,3.639,2018,16038,0.00145379430523806,200
"Bolivia",2017,"South America",NA,NA,NA,7576,68,11192853,NA,NA,3.639,2018,17217.1250341861,0.00153822488637938,299.883536924394
"Bolivia",2018,"South America",NA,NA,NA,7597,67,11353140,18195,158,3.639,2018,18195,0.00160264032681707,399.767073848797
"Brazil",2000,"South America",NA,NA,NA,77899,45,174790339,232755,132,1.677,2019,232755,0.0013316239406115,0
"Brazil",2001,"South America",NA,NA,NA,74466,42,177196051,NA,NA,1.677,2019,226208.499405603,0.00127660011681413,0
"Brazil",2002,"South America",NA,NA,NA,81436,45,179537523,239345,132,1.677,2019,239345,0.00133311965098237,0
"Brazil",2003,"South America",NA,NA,NA,84060,46,181809244,NA,NA,1.677,2019,283509.616819802,0.00155937954848876,0
"Brazil",2004,"South America",NA,NA,NA,86881,47,184006479,336358,180,1.677,2019,336358,0.00182796824235738,615.184258258532
"Brazil",2005,"South America",NA,NA,NA,80675,43,186127108,NA,NA,1.677,2019,374148.033315476,0.00201017486026526,1541.78950550565
"Brazil",2006,"South America",NA,NA,NA,75647,40,188167353,401236,209,1.677,2019,401236,0.0021323358893187,2468.39475275278
"Brazil",2007,"South America",NA,3395,NA,75424,40,190130445,NA,NA,1.677,2019,426827.749917323,0.00224492058553444,3395
"Brazil",2008,"South America",NA,4397,NA,77281,40,192030362,451429,231,1.677,2019,451429,0.00235082096028127,4397
"Brazil",2009,"South America",1151.9637857719,5456,473626,76348,39,193886505,NA,NA,1.677,2019,474028.967015489,0.00244487860057867,5456
"Brazil",2010,"South America",NA,5728,NA,75196,38,195713637,496251,249,1.677,2019,496251,0.00253559745558251,5728
"Brazil",2011,"South America",1200.97477175649,6180,514582,76246,39,197514541,NA,NA,1.677,2019,520291.257020615,0.00263419216826479,6180
"Brazil",2012,"South America",1200.17591144574,6577,548003,76492,38,199287292,548003,270,1.677,2019,548003,0.0027498140724397,6577
"Brazil",2013,"South America",1235.3370415244,7178,581056,77401,39,201035904,NA,NA,1.677,2019,581240.129902054,0.00289122548926412,7178
"Brazil",2014,"South America",1198.08098877866,7367,614900,75963,37,202763744,622202,301,1.677,2019,622202,0.00306860579571859,7367
"Brazil",2015,"South America",1084.81121076619,7574,698186,75606,37,204471759,NA,NA,1.677,2019,671957.973371405,0.00328631189293679,7574
"Brazil",2016,"South America",1156.58669236859,8400,726275,76298,37,206163056,726712,347,1.677,2019,726712,0.00352493804709608,8400
"Brazil",2017,"South America",1444.0383535706,10494,726712,80158,39,207833825,NA,NA,1.677,2019,782294.252160612,0.00376403721656286,10494
"Brazil",2018,"South America",1465.64245810056,10480,716000,83180,40,209469320,NA,NA,1.677,2019,837876.504321287,0.00399999629693402,10480
"Chile",2000,"South America",NA,NA,NA,3021,20,15342350,33050,215,1.004,2019,33050,0.00215416803814279,94.1516517787865
"Chile",2001,"South America",NA,NA,NA,3006,19,15516112,NA,NA,1.004,2019,34006.7731004328,0.00219170711712011,93.5167183641269
"Chile",2002,"South America",NA,NA,NA,2448,16,15684413,34901,222,1.004,2019,34901,0.00222520281759987,92.8817849494674
"Chile",2003,"South America",NA,NA,NA,2239,14,15849649,NA,NA,1.004,2019,35685.8732524446,0.00225152451341002,92.2468515348078
"Chile",2004,"South America",NA,NA,NA,2664,17,16014972,36374,226,1.004,2019,36374,0.00227124967811371,91.6119181201482
"Chile",2005,"South America",NA,NA,NA,2505,15,16182713,NA,NA,1.004,2019,37223.7338897833,0.00230021590877768,90.9769847054887
"Chile",2006,"South America",NA,NA,NA,2532,15,16354507,39417,240,1.004,2019,39417,0.00241016130905077,90.3420512908291
"Chile",2007,"South America",NA,NA,NA,2418,15,16530201,NA,NA,1.004,2019,43784.1911884305,0.00264873918885986,89.7071178761696
"Chile",2008,"South America",NA,NA,NA,2427,15,16708255,48826,291,1.004,2019,48826,0.00292226806449866,89.07218446151
"Chile",2009,"South America",NA,NA,NA,2398,14,16886184,NA,NA,1.004,2019,52713.3763565023,0.00312168672072402,88.4372510468505
"Chile",2010,"South America",NA,NA,NA,2376,14,17062531,54628,320,1.004,2019,54628,0.00320163520875068,87.8023176321909
"Chile",2011,"South America",NA,NA,NA,2450,14,17233584,NA,NA,1.004,2019,54204.9283855493,0.00314530792814479,87.1673842175313
"Chile",2012,"South America",165.8,86,51882,2394,14,17400359,51882,298,1.004,2019,51882,0.00298166261971951,86
"Chile",2013,"South America",181.9,85,46718,2412,14,17571511,NA,NA,1.004,2019,48474.0351012915,0.00275867198337647,85
"Chile",2014,"South America",173.622557745984,79,45501,2383,13,17758969,45501,257,1.004,2019,45501,0.00256214198020167,79
"Chile",2015,"South America",119.760479041916,60,50100,2569,14,17969356,NA,NA,1.004,2019,44153.9312092925,0.00245717938969502,60
"Chile",2016,"South America",146.8,64,43603,2548,14,18209072,43603,242,1.004,2019,43603,0.00239457562691827,64
"Chile",2017,"South America",143,71,49650,2740,15,18470435,NA,NA,1.004,2019,42780.6150615443,0.00231616716452776,71
"Chile",2018,"South America",NA,NA,NA,2947,16,18729166,41689,228,1.004,2019,41689,0.00222588661983134,78.7579427855236
"Colombia",2000,"South America",NA,NA,NA,11630,29,39629965,51518,128,1.395,2020,51518,0.00129997591468981,0
"Colombia",2001,"South America",NA,NA,NA,11480,29,40255956,NA,NA,1.395,2020,53366.2662849524,0.00132567380302563,0
"Colombia",2002,"South America",NA,NA,NA,11376,28,40875363,52936,127,1.395,2020,52936,0.00129505883531848,0
"Colombia",2003,"South America",NA,NA,NA,11640,28,41483872,NA,NA,1.395,2020,58750.1640797934,0.00141621698379055,0
"Colombia",2004,"South America",NA,NA,NA,11242,27,42075953,68020,159,1.395,2020,68020,0.00161660034176766,0
"Colombia",2005,"South America",NA,NA,NA,10360,24,42647731,NA,NA,1.395,2020,62417.8262367016,0.00146356734046886,0
"Colombia",2006,"South America",NA,NA,NA,11128,26,43200901,60021,136,1.395,2020,60021,0.0013893460231304,0
"Colombia",2007,"South America",NA,NA,NA,10950,25,43737512,NA,NA,1.395,2020,67158.2686149495,0.00153548442844553,0
"Colombia",2008,"South America",NA,NA,NA,11344,26,44254972,69979,155,1.395,2020,69979,0.00158126865383623,0
"Colombia",2009,"South America",NA,NA,NA,11324,25,44750054,NA,NA,1.395,2020,79481.819941534,0.00177612791129892,0
"Colombia",2010,"South America",NA,NA,NA,11420,25,45222699,84444,183,1.395,2020,84444,0.00186729235245336,0
"Colombia",2011,"South America",NA,NA,NA,11884,26,45662747,NA,NA,1.395,2020,97559.1925150158,0.00213651606450693,0
"Colombia",2012,"South America",NA,NA,NA,12097,26,46075721,113884,242,1.395,2020,113884,0.00247167049214488,87.1999961535587
"Colombia",2013,"South America",175.6,239,136104.783599089,11737,25,46495492,NA,NA,1.395,2020,111589.952644099,0.00240001660040718,239
"Colombia",2014,"South America",335.6,410,122169.249106079,11637,25,46967706,113623,237,1.395,2020,113623,0.0024191728674166,410
"Colombia",2015,"South America",495.3,652,131637.391479911,11858,25,47520667,NA,NA,1.395,2020,117343.009703397,0.00246930477014132,652
"Colombia",2016,"South America",592.2,705,119047.619047619,12581,26,48175048,118532,243,1.395,2020,118532,0.00246044383806322,705
"Colombia",2017,"South America",800.6,985,123032.725455908,13007,27,48909844,NA,NA,1.395,2020,119147.864484503,0.00243607124333709,985
"Colombia",2018,"South America",926.3,1059,114325.812371802,13140,26,49661056,118513,239,1.395,2020,118513,0.00238643737257621,1059
"Costa Rica",2000,"Central America",NA,NA,NA,585,15,3962369,7575,193,1.291,2017,7575,0.00191173512613288,0
"Costa Rica",2001,"Central America",NA,NA,NA,630,16,4034074,NA,NA,1.291,2017,7802.35564482809,0.00193411316818385,0
"Costa Rica",2002,"Central America",NA,NA,NA,543,13,4100922,8113,198,1.291,2017,8113,0.00197833560355452,0
"Costa Rica",2003,"Central America",NA,NA,NA,547,13,4164053,NA,NA,1.291,2017,8537.03460636833,0.0020501743388877,0
"Costa Rica",2004,"Central America",NA,NA,NA,712,17,4225156,8890,209,1.291,2017,8890,0.00210406432330546,0
"Costa Rica",2005,"Central America",NA,NA,NA,534,12,4285504,NA,NA,1.291,2017,9009.63092969493,0.00210235037225375,0.596170077043601
"Costa Rica",2006,"Central America",NA,NA,NA,488,11,4345421,9037,206,1.291,2017,9037,0.00207966040574665,6.79808503853556
"Costa Rica",2007,"Central America",NA,13,NA,550,12,4404626,NA,NA,1.291,2017,9188.94167484061,0.00208620247776783,13
"Costa Rica",2008,"Central America",144.59822350754,14,9682,501,11,4463123,9682,214,1.291,2017,9682,0.00216933299844078,14
"Costa Rica",2009,"Central America",19.047619047619,2,10500,443,9.8,4520739,NA,NA,1.291,2017,10676.7273709513,0.00236172169438476,2
"Costa Rica",2010,"Central America",90.8340214698596,11,12110,492,11,4577371,12110,259,1.291,2017,12110,0.00264562343755837,11
"Costa Rica",2011,"Central America",NA,8,NA,514,11,4633086,NA,NA,1.291,2017,13835.7738413675,0.00298629765157986,8
"Costa Rica",2012,"Central America",38.4615384615385,6,15600,475,10,4688003,15600,325,1.291,2017,15600,0.00332764292173021,6
"Costa Rica",2013,"Central America",NA,5,NA,410,8.6,4742111,NA,NA,1.291,2017,17139.55226358,0.00361432962315306,5
"Costa Rica",2014,"Central America",54.7555166182993,10,18263,463,9.7,4795390,18263,370,1.291,2017,18263,0.00380844936491088,10
"Costa Rica",2015,"Central America",NA,18,NA,424,8.7,4847805,NA,NA,1.291,2017,18865.1421042991,0.00389148121764368,18
"Costa Rica",2016,"Central America",36.6223710369363,7,19114,368,7.5,4899336,19114,378,1.291,2017,19114,0.00390134499858756,7
"Costa Rica",2017,"Central America",46.8116092791012,9,19226,379,7.7,4949955,19226,374,1.291,2017,19226,0.00388407571381962,9
"Costa Rica",2018,"Central America",NA,29,NA,401,8,4999443,NA,NA,1.291,2017,19318.4956232662,0.00386412958868942,29
"Ecuador",2000,"South America",NA,NA,NA,6908,54,12681123,8029,64,1.332,2020,8029,0.00063314581839479,151.108279083122
"Ecuador",2001,"South America",NA,NA,NA,6015,47,12914660,NA,NA,1.332,2020,8153.36838327523,0.000631326599637562,152.100544862899
"Ecuador",2002,"South America",NA,NA,NA,5829,44,13143465,8723,67,1.332,2020,8723,0.000663675826732144,153.092810642675
"Ecuador",2003,"South America",NA,NA,NA,6811,51,13369678,NA,NA,1.332,2020,9981.55459180756,0.000746581525135277,154.085076422452
"Ecuador",2004,"South America",NA,NA,NA,6320,46,13596390,11358,84,1.332,2020,11358,0.000835368800100615,155.077342202229
"Ecuador",2005,"South America",NA,NA,NA,4416,32,13825839,NA,NA,1.332,2020,12236.288249496,0.000885030431028166,156.069607982006
"Ecuador",2006,"South America",NA,NA,NA,4594,33,14059379,12635,90,1.332,2020,12635,0.000898688341782379,157.061873761782
"Ecuador",2007,"South America",NA,NA,NA,4877,34,14296554,NA,NA,1.332,2020,12651.9174102053,0.000884962726696611,158.054139541559
"Ecuador",2008,"South America",NA,NA,NA,4845,33,14535740,12067,83,1.332,2020,12067,0.00083016069357322,159.046405321336
"Ecuador",2009,"South America",NA,NA,NA,4703,32,14774412,NA,NA,1.332,2020,11069.0421096704,0.00074920356286737,160.038671101113
"Ecuador",2010,"South America",NA,NA,NA,4832,32,15011114,11800,79,1.332,2020,11800,0.000786084230657365,161.030936880889
"Ecuador",2011,"South America",NA,NA,NA,5106,33,15243885,NA,NA,1.332,2020,15903.9141511286,0.00104329796184691,162.023202660666
"Ecuador",2012,"South America",NA,NA,NA,5456,35,15474099,21080,135,1.332,2020,21080,0.00136227640782187,163.015468440443
"Ecuador",2013,"South America",NA,NA,NA,5277,34,15707473,NA,NA,1.332,2020,24591.4262858278,0.00156558768465353,164.00773422022
"Ecuador",2014,"South America",615.189590246449,165,26821,5157,32,15951832,25902,162,1.332,2020,25902,0.00162376333953367,165
"Ecuador",2015,"South America",719.848949728582,183,25422,5097,31,16212022,NA,NA,1.332,2020,25581.2557055267,0.00157791888670807,183
"Ecuador",2016,"South America",1300,325,25000,5284,32,16491116,26421,160,1.332,2020,26421,0.00160213535578793,325
"Ecuador",2017,"South America",1699.35353645563,623,36661,5721,34,16785356,NA,NA,1.332,2020,30834.3008920766,0.0018369762840941,623
"Ecuador",2018,"South America",1711.62940670679,637,37216,5960,35,17084359,37497,222,1.332,2020,37497,0.0021948145669381,637
"El Salvador",2000,"Central America",NA,NA,NA,1485,25,5887930,7754,132,2.152,2018,7754,0.00131693141732324,0
"El Salvador",2001,"Central America",NA,NA,NA,1458,25,5927001,NA,NA,2.152,2018,9554.63255280163,0.00161205178686517,0
"El Salvador",2002,"Central America",72.3,8,11065,1550,26,5962139,10907,183,2.152,2018,10907,0.00182937700714458,8
"El Salvador",2003,"Central America",227,26,11454,1383,23,5994075,NA,NA,2.152,2018,11561.9292908688,0.00192889299697932,26
"El Salvador",2004,"Central America",428,52,12150,1406,23,6023801,12073,201,2.152,2018,12073,0.00200421627474082,52
"El Salvador",2005,"Central America",454,57,12555,1794,30,6052124,NA,NA,2.152,2018,13080.7752837213,0.00216135282154187,57
"El Salvador",2006,"Central America",664,85,12801,1644,27,6079395,14771,243,2.152,2018,14771,0.00242968255887305,85
"El Salvador",2007,"Central America",675,81,12000,1666,27,6105810,NA,NA,2.152,2018,17131.5945742506,0.00280578573100877,81
"El Salvador",2008,"Central America",699,120,17167,1718,28,6131767,19814,324,2.152,2018,19814,0.00323136870660611,120
"El Salvador",2009,"Central America",531.795033575195,118,22189,1686,27,6157678,NA,NA,2.152,2018,22416.5964192775,0.00364043011331179,118
"El Salvador",2010,"Central America",798.799772930014,197,24662,1700,27,6183877,24662,399,2.152,2018,24662,0.00398811295890911,197
"El Salvador",2011,"Central America",900,225,25000,1896,31,6210567,NA,NA,2.152,2018,26296.0197486383,0.00423407713798728,225
"El Salvador",2012,"Central America",950.689897532645,257,27033,2053,33,6237922,27033,433,2.152,2018,27033,0.00433365470103666,257
"El Salvador",2013,"Central America",1426.5,379,26569,2176,35,6266076,NA,NA,2.152,2018,27040.9495861595,0.00431545190102379,379
"El Salvador",2014,"Central America",1687.74955541388,503,29803,2206,35,6295124,28334,450,2.152,2018,28334,0.0045009439051558,503
"El Salvador",2015,"Central America",2220.9,724,32600,2452,39,6325121,NA,NA,2.152,2018,32406.0569067352,0.00512338924531803,724
"El Salvador",2016,"Central America",2599,957,36822,3034,48,6356137,36824,579,2.152,2018,36824,0.00579345599378994,957
"El Salvador",2017,"Central America",4733.97990126056,1889,39903,3666,57,6388124,NA,NA,2.152,2018,38998.4477869032,0.00610483575254694,1889
"El Salvador",2018,"Central America",5288.80343456159,2008,37967,3615,56,6420740,39642,617,2.152,2018,39642,0.00617405470397493,2008
"Guatemala",2000,"Central America",NA,NA,NA,2913,25,11650744,6974,62,3.72,2019,6974,0.000598588381995176,11.8095238095238
"Guatemala",2001,"Central America",NA,NA,NA,2419,20,11924941,NA,NA,3.72,2019,7514.70535735348,0.000630167089074359,16.1904761904762
"Guatemala",2002,"Central America",NA,NA,NA,2909,24,12208854,8077,69,3.72,2019,8077,0.000661569054720451,20.5714285714286
"Guatemala",2003,"Central America",NA,NA,NA,2642,21,12500479,NA,NA,3.72,2019,8600.92150443902,0.000688047354380502,24.9523809523809
"Guatemala",2004,"Central America",NA,NA,NA,3313,26,12796926,8698,70,3.72,2019,8698,0.000679694482878154,29.3333333333333
"Guatemala",2005,"Central America",NA,NA,NA,3803,29,13096028,NA,NA,3.72,2019,8116.10862487108,0.000619738185110102,33.7142857142857
"Guatemala",2006,"Central America",NA,NA,NA,3626,27,13397022,7477,57,3.72,2019,7477,0.000558109108128657,38.0952380952381
"Guatemala",2007,"Central America",NA,NA,NA,3140,23,13700326,NA,NA,3.72,2019,7467.14399606768,0.000545034037589155,42.4761904761905
"Guatemala",2008,"Central America",NA,NA,NA,3246,23,14006420,8158,60,3.72,2019,8158,0.000582447192073349,46.8571428571428
"Guatemala",2009,"Central America",NA,NA,NA,2902,20,14316251,NA,NA,3.72,2019,9446.69039088278,0.000659857835049328,51.2380952380952
"Guatemala",2010,"Central America",NA,NA,NA,3322,23,14630420,11148,78,3.72,2019,11148,0.000761974023985641,55.6190476190476
"Guatemala",2011,"Central America",418.789697773435,60,14327,3040,20,14948792,NA,NA,3.72,2019,13062.0944404044,0.000873789296178872,60
"Guatemala",2012,"Central America",NA,NA,NA,3442,23,15270774,15013,100,3.72,2019,15013,0.000983119781616832,64.7361111111111
"Guatemala",2013,"Central America",NA,NA,NA,3311,21,15595821,NA,NA,3.72,2019,16840.6818474971,0.00107982015486694,71.6031746031746
"Guatemala",2014,"Central America",NA,NA,NA,3163,20,15923238,18425,115,3.72,2019,18425,0.00115711389856762,82.7321428571429
"Guatemala",2015,"Central America",NA,NA,NA,3325,20,16252425,NA,NA,3.72,2019,19731.8031695951,0.00121408363180234,100.253968253968
"Guatemala",2016,"Central America",NA,NA,NA,3223,19,16583079,21031,125,3.72,2019,21031,0.00126822045532075,126.299603174603
"Guatemala",2017,"Central America",708.202989224887,163,23016,3445,20,16914979,NA,NA,3.72,2019,22582.6054741238,0.00133506553417085,163
"Guatemala",2018,"Central America",864.090852981113,210,24303,3568,21,17247855,24303,140,3.72,2019,24303,0.00140904477687225,210
"Guyana",2000,"South America",800,16,2000,422,57,746718,NA,NA,1.375,2020,1765.91523424666,0.00236490245882202,16
"Guyana",2001,"South America",900,18,2000,422,57,745206,1507,205,1.375,2020,1507,0.00202225961680394,18
"Guyana",2002,"South America",1250,25,2000,590,79,744789,1275,173,1.375,2020,1275,0.00171189424118777,25
"Guyana",2003,"South America",1950,39,2000,631,85,745142,NA,NA,1.375,2020,1182.477269666,0.00158691533917831,39
"Guyana",2004,"South America",550,11,2000,603,81,745737,1280,172,1.375,2020,1280,0.00171642281394111,11
"Guyana",2005,"South America",800,16,2000,639,86,746156,NA,NA,1.375,2020,1558.70069749049,0.0020889742861955,16
"Guyana",2006,"South America",1200,24,2000,710,95,746335,1861,248,1.375,2020,1861,0.0024935183262208,24
"Guyana",2007,"South America",1300,26,2000,594,80,746477,NA,NA,1.375,2020,2037.09494037196,0.00272894535313474,26
"Guyana",2008,"South America",1200,24,2000,653,87,746815,2117,281,1.375,2020,2117,0.00283470471267985,24
"Guyana",2009,"South America",700,14,2000,763,102,747718,NA,NA,1.375,2020,2159.66954102129,0.00288834766719711,14
"Guyana",2010,"South America",700,14,2000,712,95,749430,2160,286,1.375,2020,2160,0.00288219046475321,14
"Guyana",2011,"South America",1050,21,2000,710,94,752029,NA,NA,1.375,2020,2107.22689554294,0.0028020553669379,21
"Guyana",2012,"South America",2150,43,2000,748,99,755388,2032,268,1.375,2020,2032,0.00269000831360837,43
"Guyana",2013,"South America",1150,23,2000,679,89,759281,NA,NA,1.375,2020,1973.92287680685,0.00259972642118906,23
"Guyana",2014,"South America",600,12,2000,545,71,763371,1967,257,1.375,2020,1967,0.00257672874657277,12
"Guyana",2015,"South America",500,10,2000,571,74,767433,NA,NA,1.375,2020,2028.33159722988,0.0026430080505137,10
"Guyana",2016,"South America",500,10,2000,577,75,771363,2113,274,1.375,2020,2113,0.00273930691516186,10
"Guyana",2017,"South America",450,9,2000,524,68,775218,NA,NA,1.375,2020,2173.75073427366,0.00280405090474378,9
"Guyana",2018,"South America",400,8,2000,516,66,779007,2216,284,1.375,2020,2216,0.00284464709559734,8
"Honduras",2000,"Central America",NA,NA,NA,6406,97,6574510,11500,184,2.04,2019,11500,0.00174917978678259,0
"Honduras",2001,"Central America",NA,NA,NA,5048,75,6751912,NA,NA,2.04,2019,11361.2952230486,0.00168267821367468,0
"Honduras",2002,"Central America",NA,NA,NA,4485,65,6929267,11502,176,2.04,2019,11502,0.00165991583236726,4.49215466320722
"Honduras",2003,"Central America",NA,NA,NA,4051,57,7106323,NA,NA,2.04,2019,11147.3566293981,0.0015686532443569,17.5704172886888
"Honduras",2004,"Central America",NA,NA,NA,3594,49,7282953,10931,160,2.04,2019,10931,0.00150090217525776,30.6486799141704
"Honduras",2005,"Central America",NA,NA,NA,3333,45,7458982,NA,NA,2.04,2019,11035.4900580577,0.00147949010442145,43.7269425396519
"Honduras",2006,"Central America",NA,NA,NA,3197,42,7634295,11178,159,2.04,2019,11178,0.00146418235082611,56.8052051651335
"Honduras",2007,"Central America",685.975609756098,72,10496,2772,35,7808520,NA,NA,2.04,2019,11151.2241239717,0.00142808421108887,72
"Honduras",2008,"Central America",704.963322854149,74,10497,2829,35,7980955,11390,154,2.04,2019,11390,0.00142714750302439,74
"Honduras",2009,"Central America",800,104,13000,2924,36,8150780,NA,NA,2.04,2019,11618.4430727428,0.00142543941472384,104
"Honduras",2010,"Central America",730.825448111393,95,12999,2876,35,8317467,11846,154,2.04,2019,11846,0.00142423168014974,95
"Honduras",2011,"Central America",1091.97170101507,142,13004,3233,38,8480670,NA,NA,2.04,2019,12609.0111865148,0.00148679422575278,142
"Honduras",2012,"Central America",919.982884039367,129,14022,3014,35,8640692,12095,152,2.04,2019,12095,0.0013997721478789,129
"Honduras",2013,"Central America",961.464502730559,125,13001,2981,34,8798524,NA,NA,2.04,2019,14241.9751036032,0.0016186777581789,125
"Honduras",2014,"Central America",1168.96100899792,152,13003,2789,31,8955579,16331,196,2.04,2019,16331,0.00182355602021935,152
"Honduras",2015,"Central America",581.25,93,16000,2906,32,9112904,NA,NA,2.04,2019,16228.8968015969,0.00178086994020752,93
"Honduras",2016,"Central America",988.910483594375,173,17494,2886,31,9270794,17253,200,2.04,2019,17253,0.00186100564849138,173
"Honduras",2017,"Central America",1151.9805982215,228,19792,2798,30,9429016,NA,NA,2.04,2019,18236.2487136049,0.00193405639714737,228
"Honduras",2018,"Central America",1141.87017224008,238,20843,2838,30,9587523,NA,NA,2.04,2019,19240.0632067402,0.0020067814394542,238
"Nicaragua",2000,"Central America",NA,NA,NA,2402,47,5069310,6539,128,1.776,2018,6539,0.00128991914086927,178.407567363674
"Nicaragua",2001,"Central America",NA,NA,NA,2447,48,5145367,NA,NA,1.776,2018,6658.2094008856,0.00129402031009364,167.592741123411
"Nicaragua",2002,"Central America",NA,NA,NA,2092,40,5219324,6885,131,1.776,2018,6885,0.00131913634792552,156.777914883149
"Nicaragua",2003,"Central America",NA,NA,NA,2283,43,5292115,NA,NA,1.776,2018,6495.33086538686,0.00122736011318478,145.963088642886
"Nicaragua",2004,"Central America",NA,NA,NA,2220,41,5364930,6233,116,1.776,2018,6233,0.00116180453426233,135.148262402624
"Nicaragua",2005,"Central America",NA,NA,NA,1907,35,5438692,NA,NA,1.776,2018,6244.28356499343,0.00114812229944138,124.333436162361
"Nicaragua",2006,"Central America",NA,NA,NA,1997,36,5513757,6103,110,1.776,2018,6103,0.00110686778543197,113.518609922099
"Nicaragua",2007,"Central America",NA,NA,NA,2303,41,5590066,NA,NA,1.776,2018,6293.68152220146,0.00112586891142277,102.703783681836
"Nicaragua",2008,"Central America",NA,NA,NA,2336,41,5667436,6803,120,1.776,2018,6803,0.00120036644436744,91.888957441574
"Nicaragua",2009,"Central America",NA,NA,NA,2283,40,5745538,NA,NA,1.776,2018,6633.99607522927,0.00115463444419465,81.0741312013115
"Nicaragua",2010,"Central America",NA,NA,NA,2448,42,5824058,6500,113,1.776,2018,6500,0.00111606031395979,70.2593049610491
"Nicaragua",2011,"Central America",NA,NA,NA,2693,46,5903035,NA,NA,1.776,2018,7690.38496366767,0.0013027849171939,59.4444787207866
"Nicaragua",2012,"Central America",NA,NA,NA,2790,47,5982530,9168,155,1.776,2018,9168,0.00153246201857742,48.6296524805241
"Nicaragua",2013,"Central America",NA,NA,NA,2742,45,6062462,NA,NA,1.776,2018,9641.25830896991,0.00159032061709746,37.8148262402617
"Nicaragua",2014,"Central America",255.464093102469,27,10569,2632,43,6142734,10569,175,1.776,2018,10569,0.00172056937513492,27
"Nicaragua",2015,"Central America",217.617560790993,23,10569,2465,40,6223234,NA,NA,1.776,2018,12786.3671061,0.00205461776081375,23
"Nicaragua",2016,"Central America",306.64395229983,45,14675,2339,37,6303970,14675,238,1.776,2018,14675,0.002327898134033,45
"Nicaragua",2017,"Central America",372.179576645732,64,17196,2255,35,6384843,NA,NA,1.776,2018,17662.0976925423,0.00276625403201649,64
"Nicaragua",2018,"Central America",372.179576645732,64,17196,2109,33,6465502,20918,332,1.776,2018,20918,0.00323532496007271,64
"Panama",2000,"Central America",NA,NA,NA,1169,39,3030333,8652,283,1.222,2020,8652,0.00285513176274687,0
"Panama",2001,"Central America",NA,NA,NA,1718,56,3089641,NA,NA,1.222,2020,9623.24919681718,0.00311468199600445,0
"Panama",2002,"Central America",NA,NA,NA,1577,50,3149195,10423,328,1.222,2020,10423,0.00330973470998144,0
"Panama",2003,"Central America",NA,NA,NA,1620,50,3209056,NA,NA,1.222,2020,10926.962379847,0.00340503948196822,0
"Panama",2004,"Central America",NA,NA,NA,1701,52,3269356,11400,345,1.222,2020,11400,0.00348692525378087,0
"Panama",2005,"Central America",NA,NA,NA,1637,49,3330222,NA,NA,1.222,2020,11268.829509252,0.00338380729850802,0
"Panama",2006,"Central America",NA,NA,NA,1636,48,3391673,11575,338,1.222,2020,11575,0.00341277004003629,0
"Panama",2007,"Central America",NA,NA,NA,1596,46,3453671,NA,NA,1.222,2020,10731.2413647193,0.00310719850406114,0
"Panama",2008,"Central America",NA,NA,NA,1635,46,3516204,9651,272,1.222,2020,9651,0.00274472129603402,7.85029953457736
"Panama",2009,"Central America",NA,NA,NA,1535,43,3579215,NA,NA,1.222,2020,11181.2219987051,0.00312393136447659,19.1556884887169
"Panama",2010,"Central America",309.119010819165,38,12293,1541,42,3642691,12293,336,1.222,2020,12293,0.00337470293252982,38
"Panama",2011,"Central America",NA,NA,NA,1632,44,3706479,NA,NA,1.222,2020,13131.5884411157,0.00354287409725395,41.7664664281472
"Panama",2012,"Central America",297.207630633121,43,14468,1520,40,3770635,14468,380,1.222,2020,14468,0.003837019494064,43
"Panama",2013,"Central America",NA,NA,NA,1449,38,3835447,NA,NA,1.222,2020,14906.3100710927,0.0038864596671764,64.3772451094604
"Panama",2014,"Central America",368.227248816412,56,15208,1457,37,3901311,15208,388,1.222,2020,15208,0.00389817679236544,56
"Panama",2015,"Central America",703.847300924545,118,16765,1646,41,3968490,NA,NA,1.222,2020,16227.8095948861,0.00408916479438934,118
"Panama",2016,"Central America",489.485134155185,81,16548,1810,45,4037073,17165,423,1.222,2020,17165,0.00425184285743656,81
"Panama",2017,"Central America",804.704425874342,130,16155,1874,46,4106764,NA,NA,1.222,2020,16832.2671450918,0.00409866920648271,130
"Panama",2018,"Central America",658.172815651229,109,16561,1723,41,4176868,16561,395,1.222,2020,16561,0.00396493257627486,109
"Paraguay",2000,"South America",NA,NA,NA,1950,37,5323202,3219,60,1.431,2017,3219,0.000604711224559955,128.960627575272
"Paraguay",2001,"South America",NA,NA,NA,2073,38,5428442,NA,NA,1.431,2017,3871.9419073172,0.000713269462456668,136.401614357509
"Paraguay",2002,"South America",NA,NA,NA,2107,38,5531958,4621,83,1.431,2017,4621,0.000835328106250987,143.842601139747
"Paraguay",2003,"South America",NA,NA,NA,2294,41,5632983,NA,NA,1.431,2017,5476.26260498594,0.000972178081308952,151.283587921985
"Paraguay",2004,"South America",NA,NA,NA,2331,41,5730556,6101,106,1.431,2017,6101,0.00106464364016336,158.724574704222
"Paraguay",2005,"South America",NA,NA,NA,2163,37,5824095,NA,NA,1.431,2017,6205.7576727369,0.00106553167019715,166.16556148646
"Paraguay",2006,"South America",NA,NA,NA,2450,41,5913212,6037,102,1.431,2017,6037,0.00102093413867117,173.606548268698
"Paraguay",2007,"South America",NA,NA,NA,2268,38,5998430,NA,NA,1.431,2017,5908.45670406341,0.000985000525814823,181.047535050935
"Paraguay",2008,"South America",NA,NA,NA,2230,37,6081296,5867,96,1.431,2017,5867,0.000964761458741689,188.488521833173
"Paraguay",2009,"South America",NA,NA,NA,2351,38,6163970,NA,NA,1.431,2017,5921.66551101099,0.000960690190090314,195.929508615411
"Paraguay",2010,"South America",NA,NA,NA,2286,37,6248017,6197,99,1.431,2017,6197,0.000991834689310224,203.370495397648
"Paraguay",2011,"South America",NA,NA,NA,2366,37,6333981,NA,NA,1.431,2017,6833.00625189223,0.00107878540398088,210.811482179886
"Paraguay",2012,"South America",2892.87518948964,229,7916,2421,38,6421510,7916,123,1.431,2017,7916,0.00123273186524665,229
"Paraguay",2013,"South America",NA,NA,NA,2260,35,6510273,NA,NA,1.431,2017,9423.18448142496,0.00144743307714207,226.659260594856
"Paraguay",2014,"South America",2100.64846104667,230,10949,2248,34,6599524,10949,167,1.431,2017,10949,0.00165905904728887,230
"Paraguay",2015,"South America",2101.5625,269,12800,2353,35,6688746,NA,NA,1.431,2017,12102.613589804,0.00180939948830527,269
"Paraguay",2016,"South America",2099.93868792152,274,13048,2438,36,6777878,NA,NA,1.431,2017,12934.8621391735,0.00190839406362486,274
"Paraguay",2017,"South America",2737.23952661003,377,13773,2579,38,6867058,13607,199,1.431,2017,13607,0.00198148901611141,377
"Paraguay",2018,"South America",2720.99541942982,398,14627,2589,37,6956069,NA,NA,1.431,2017,14252.8339671871,0.00204897823284777,398
"Peru",2000,"South America",NA,NA,NA,38661,146,26459944,27734,107,2.413,2020,27734,0.0010481503664558,2670.50067337144
"Peru",2001,"South America",NA,NA,NA,37197,139,26799289,NA,NA,2.413,2020,27351.6693446106,0.0010206117537152,2496.05060603428
"Peru",2002,"South America",NA,NA,NA,36092,133,27100964,27417,103,2.413,2020,27417,0.00101166143019857,2321.60053869711
"Peru",2003,"South America",NA,NA,NA,32064,117,27372217,NA,NA,2.413,2020,29893.9725030067,0.00109212828843958,2147.15047135995
"Peru",2004,"South America",NA,NA,NA,33414,121,27624226,31311,114,2.413,2020,31311,0.00113346162169394,1972.70040402278
"Peru",2005,"South America",NA,NA,NA,33747,121,27866140,NA,NA,2.413,2020,33586.6410744837,0.00120528501882513,1798.25033668562
"Peru",2006,"South America",NA,NA,NA,34311,122,28102055,35835,128,2.413,2020,35835,0.00127517364833284,1623.80026934846
"Peru",2007,"South America",NA,NA,NA,32407,114,28333050,NA,NA,2.413,2020,38581.3756380252,0.00136170922784611,1449.35020201129
"Peru",2008,"South America",NA,NA,NA,32193,113,28562321,43286,151,2.413,2020,43286,0.00151549308615361,1274.90013467413
"Peru",2009,"South America",NA,NA,NA,31844,111,28792663,NA,NA,2.413,2020,44911.899775611,0.0015598383440813,1100.45006733696
"Peru",2010,"South America",2004.4157755747,926,46198,31073,107,29027680,45464,155,2.413,2020,45464,0.00156622919916438,926
"Peru",2011,"South America",1466.08273969513,780,53203,31241,107,29264314,NA,NA,2.413,2020,53145.2301550674,0.00181604223338594,780
"Peru",2012,"South America",1511.64684802085,928,61390,29760,101,29506790,58019,192,2.413,2020,58019,0.00196629318200997,928
"Peru",2013,"South America",2548.92968622868,1723,67597,29731,100,29773986,NA,NA,2.413,2020,63285.7397921594,0.00212553803821092,1723
"Peru",2014,"South America",2990.50874779394,2152,71961,30008,100,30090372,70276,227,2.413,2020,70276,0.00233549787952106,2152
"Peru",2015,"South America",2709.22496433476,2032,75003,29833,98,30470739,NA,NA,2.413,2020,74199.2936544098,0.00243509990533573,2032
"Peru",2016,"South America",2580.98338270973,2117,82023,29733,96,30926036,79644,251,2.413,2020,79644,0.00257530580382174,2117
"Peru",2017,"South America",2816.65520737435,2417,85811,29840,95,31444299,NA,NA,2.413,2020,85254.3062706896,0.00271128023145594,2417
"Peru",2018,"South America",3864.5934186429,3313,85727,31421,98,31989265,90934,278,2.413,2020,90934,0.00284264111726231,3313
"Suriname",2000,"South America",NA,NA,NA,89,19,470944,786,168,0.752,2014,786,0.00166898824488687,0
"Suriname",2001,"South America",NA,NA,NA,75,16,476574,NA,NA,0.752,2014,790.413264745226,0.00165853207423239,0
"Suriname",2002,"South America",NA,NA,NA,97,20,482228,NA,NA,0.752,2014,795.422544778378,0.00164947399316999,0
"Suriname",2003,"South America",NA,NA,NA,105,22,487938,NA,NA,0.752,2014,801.625192401777,0.00164288330157064,0
"Suriname",2004,"South America",NA,NA,NA,97,20,493680,NA,NA,0.752,2014,809.61855997266,0.00163996629390022,0
"Suriname",2005,"South America",NA,NA,NA,117,23,499461,820,164,0.752,2014,820,0.00164176982787445,0
"Suriname",2006,"South America",NA,NA,NA,129,26,505292,NA,NA,0.752,2014,833.642590503374,0.00164982344961601,0
"Suriname",2007,"South America",NA,NA,NA,NA,NA,511181,NA,NA,0.752,2014,852.522314882982,0.0016677503954235,0
"Suriname",2008,"South America",NA,NA,NA,108,21,517122,NA,NA,0.752,2014,878.890882049629,0.00169958130199378,0
"Suriname",2009,"South America",NA,NA,NA,178,34,523113,915,175,0.752,2014,915,0.00174914406638719,0
"Suriname",2010,"South America",NA,NA,NA,194,37,529126,NA,NA,0.752,2014,961.170539874781,0.00181652487285596,0
"Suriname",2011,"South America",NA,NA,NA,125,23,535177,1010,191,0.752,2014,1010,0.00188722609529184,0
"Suriname",2012,"South America",NA,NA,NA,128,24,541247,NA,NA,0.752,2014,1048.6172553312,0.00193740982459246,0
"Suriname",2013,"South America",NA,NA,NA,141,26,547295,1050,194,0.752,2014,1050,0.00191852657159302,0
"Suriname",2014,"South America",NA,NA,NA,146,26,553278,1000,183,0.752,2014,1000,0.00180740965662831,0
"Suriname",2015,"South America",NA,NA,NA,144,26,559136,NA,NA,0.752,2014,938.739811155419,0.0016789114118129,0
"Suriname",2016,"South America",200,2,1000,114,20,564883,NA,NA,0.752,2014,877.479616091519,0.00155338294140826,2
"Suriname",2017,"South America",400,4,1000,129,23,570501,NA,NA,0.752,2014,816.21942102762,0.00143070638093118,4
"Suriname",2018,"South America",400,4,1000,174,30,575987,NA,NA,0.752,2014,754.959225963721,0.00131072268291423,4
"Uruguay",2000,"South America",NA,NA,NA,645,19,3319734,4469,135,0.993,2020,4469,0.00134619219491682,120.168267197711
"Uruguay",2001,"South America",NA,NA,NA,689,21,3325471,NA,NA,0.993,2020,5162.13969857727,0.00155230332743159,104.626200385804
"Uruguay",2002,"South America",NA,NA,NA,536,16,3326046,5630,169,0.993,2020,5630,0.0016927005820124,89.084133573898
"Uruguay",2003,"South America",NA,NA,NA,643,19,3323661,NA,NA,0.993,2020,6002.95504906759,0.00180612735446473,73.5420667619917
"Uruguay",2004,"South America",812.552535724293,58,7138,727,22,3321486,6888,207,0.993,2020,6888,0.00207377059545035,58
"Uruguay",2005,"South America",685.322672758424,48,7004,622,19,3321799,NA,NA,0.993,2020,6789.73409835618,0.00204399305868783,48
"Uruguay",2006,"South America",790.629575402635,54,6830,557,17,3325403,6887,207,0.993,2020,6887,0.00207102718076576,54
"Uruguay",2007,"South America",724.538619275461,53,7315,607,18,3331753,NA,NA,0.993,2020,7524.68297548042,0.00225847563594313,53
"Uruguay",2008,"South America",1060.41923551171,86,8110,686,21,3340221,7665,229,0.993,2020,7665,0.00229475834084032,86
"Uruguay",2009,"South America",1154.06006674082,83,7192,704,21,3349676,NA,NA,0.993,2020,8224.39427663252,0.00245528053358967,83
"Uruguay",2010,"South America",602.338490610606,51,8467,699,21,3359273,8700,257,0.993,2020,8700,0.00258984607681483,51
"Uruguay",2011,"South America",763.03062869425,71,9305,817,24,3368926,NA,NA,0.993,2020,8872.43089643275,0.00263360812806003,71
"Uruguay",2012,"South America",836.175596875344,76,9089,808,24,3378975,9418,277,0.993,2020,9418,0.00278723577416228,76
"Uruguay",2013,"South America",784.436774395984,75,9561,881,26,3389436,NA,NA,0.993,2020,9447.20600482419,0.00278725015159578,75
"Uruguay",2014,"South America",636.09315686878,62,9747,862,25,3400439,9542,279,0.993,2020,9542,0.00280610827013806,62
"Uruguay",2015,"South America",613.765892152565,56,9124,900,26,3412013,NA,NA,0.993,2020,9953.9779467604,0.00291733294883706,56
"Uruguay",2016,"South America",528.841445499951,54,10211,879,26,3424139,10561,306,0.993,2020,10561,0.00308427899685147,54
"Uruguay",2017,"South America",754.408289401927,83,11002,933,27,3436645,NA,NA,0.993,2020,10405.4906009673,0.00302780490884783,83
"Uruguay",2018,"South America",742.17161447743,73,9836,1002,29,3449290,10243,295,0.993,2020,10243,0.0029695966416277,73
"Venezuela",2000,"South America",NA,NA,NA,6466,27,24192449,14196,58,1.539,2016,14196,0.000586794664731958,15.8572784555513
"Venezuela",2001,"South America",NA,NA,NA,6251,25,24646471,NA,NA,1.539,2016,17197.8083439323,0.000697779748830262,18.2501186486077
"Venezuela",2002,"South America",NA,NA,NA,6204,25,25100407,19368,76,1.539,2016,19368,0.000771620954194089,20.6429588416641
"Venezuela",2003,"South America",NA,NA,NA,6734,26,25551624,NA,NA,1.539,2016,20130.1515647782,0.000787822784366983,23.0357990347205
"Venezuela",2004,"South America",NA,NA,NA,6808,26,25996594,19951,76,1.539,2016,19951,0.00076744668936246,25.4286392277769
"Venezuela",2005,"South America",NA,NA,NA,6847,26,26432445,NA,NA,1.539,2016,19505.3353969543,0.000737931560888686,27.8214794208333
"Venezuela",2006,"South America",NA,NA,NA,6705,25,26850190,19257,70,1.539,2016,19257,0.000717201628740802,30.2143196138897
"Venezuela",2007,"South America",NA,NA,NA,6456,24,27247601,NA,NA,1.539,2016,20001.1318474039,0.00073405111324861,32.6071598069462
"Venezuela",2008,"South America",145.415264448045,35,24069,6408,23,27635827,24069,85,1.539,2016,24069,0.000870934674761135,35
"Venezuela",2009,"South America",NA,36,NA,6474,23,28031010,NA,NA,1.539,2016,32649.3872134316,0.00116475957211073,36
"Venezuela",2010,"South America",122.473974280465,50,40825,6451,23,28439942,40825,140,1.539,2016,40825,0.00143548112721186,50
"Venezuela",2011,"South America",NA,113,NA,6282,22,28887873,NA,NA,1.539,2016,44031.6942988693,0.00152422763347337,113
"Venezuela",2012,"South America",225.543958959844,102,45224,6495,22,29360827,45224,150,1.539,2016,45224,0.00154028358942342,102
"Venezuela",2013,"South America",NA,111,NA,6555,22,29781046,NA,NA,1.539,2016,48030.3355910903,0.0016127820221993,111
"Venezuela",2014,"South America",372.639300764789,191,51256,6392,21,30042973,51256,166,1.539,2016,51256,0.00170608947390127,191
"Venezuela",2015,"South America",412.773840206186,205,49664,7136,24,30081827,NA,NA,1.539,2016,53172.3383367703,0.00176759005816935,205
"Venezuela",2016,"South America",1074.20804559904,588,54738,8197,27,29851249,54738,173,1.539,2016,54738,0.0018336921178742,588
"Venezuela",2017,"South America",2844.13309982487,1624,57100,10647,36,29402480,57096,178,1.539,2016,57096,0.00194187701173506,1624
"Venezuela",2018,"South America",NA,NA,NA,11017,38,28887117,NA,NA,1.539,2016,59662.4703013233,0.00206536603501565,2806.48212035051
